Id,Word,Value
1,abandon,0000 0000 0001
2,ability,0000 0000 0010
3,able,0000 0000 0011
4,about,0000 0000 0100
5,above,0000 0000 0101
6,absent,0000 0000 0110
7,absorb,0000 0000 0111
8,abstract,0000 0000 1000
9,absurd,0000 0000 1001
10,abuse,0000 0000 1010
11,access,0000 0000 1011
12,accident,0000 0000 1100
13,account,0000 0000 1101
14,accuse,0000 0000 1110
15,achieve,0000 0000 1111
16,acid,0000 0001 0000
17,acoustic,0000 0001 0001
18,acquire,0000 0001 0010
19,across,0000 0001 0011
20,act,0000 0001 0100
21,action,0000 0001 0101
22,actor,0000 0001 0110
23,actress,0000 0001 0111
24,actual,0000 0001 1000
25,adapt,0000 0001 1001
26,add,0000 0001 1010
27,addict,0000 0001 1011
28,address,0000 0001 1100
29,adjust,0000 0001 1101
30,admit,0000 0001 1110
31,adult,0000 0001 1111
32,advance,0000 0010 0000
33,advice,0000 0010 0001
34,aerobic,0000 0010 0010
35,affair,0000 0010 0011
36,afford,0000 0010 0100
37,afraid,0000 0010 0101
38,again,0000 0010 0110
39,age,0000 0010 0111
40,agent,0000 0010 1000
41,agree,0000 0010 1001
42,ahead,0000 0010 1010
43,aim,0000 0010 1011
44,air,0000 0010 1100
45,airport,0000 0010 1101
46,aisle,0000 0010 1110
47,alarm,0000 0010 1111
48,album,0000 0011 0000
49,alcohol,0000 0011 0001
50,alert,0000 0011 0010
51,alien,0000 0011 0011
52,all,0000 0011 0100
53,alley,0000 0011 0101
54,allow,0000 0011 0110
55,almost,0000 0011 0111
56,alone,0000 0011 1000
57,alpha,0000 0011 1001
58,already,0000 0011 1010
59,also,0000 0011 1011
60,alter,0000 0011 1100
61,always,0000 0011 1101
62,amateur,0000 0011 1110
63,amazing,0000 0011 1111
64,among,0000 0100 0000
65,amount,0000 0100 0001
66,amused,0000 0100 0010
67,analyst,0000 0100 0011
68,anchor,0000 0100 0100
69,ancient,0000 0100 0101
70,anger,0000 0100 0110
71,angle,0000 0100 0111
72,angry,0000 0100 1000
73,animal,0000 0100 1001
74,ankle,0000 0100 1010
75,announce,0000 0100 1011
76,annual,0000 0100 1100
77,another,0000 0100 1101
78,answer,0000 0100 1110
79,antenna,0000 0100 1111
80,antique,0000 0101 0000
81,anxiety,0000 0101 0001
82,any,0000 0101 0010
83,apart,0000 0101 0011
84,apology,0000 0101 0100
85,appear,0000 0101 0101
86,apple,0000 0101 0110
87,approve,0000 0101 0111
88,april,0000 0101 1000
89,arch,0000 0101 1001
90,arctic,0000 0101 1010
91,area,0000 0101 1011
92,arena,0000 0101 1100
93,argue,0000 0101 1101
94,arm,0000 0101 1110
95,armed,0000 0101 1111
96,armor,0000 0110 0000
97,army,0000 0110 0001
98,around,0000 0110 0010
99,arrange,0000 0110 0011
100,arrest,0000 0110 0100
101,arrive,0000 0110 0101
102,arrow,0000 0110 0110
103,art,0000 0110 0111
104,artefact,0000 0110 1000
105,artist,0000 0110 1001
106,artwork,0000 0110 1010
107,ask,0000 0110 1011
108,aspect,0000 0110 1100
109,assault,0000 0110 1101
110,asset,0000 0110 1110
111,assist,0000 0110 1111
112,assume,0000 0111 0000
113,asthma,0000 0111 0001
114,athlete,0000 0111 0010
115,atom,0000 0111 0011
116,attack,0000 0111 0100
117,attend,0000 0111 0101
118,attitude,0000 0111 0110
119,attract,0000 0111 0111
120,auction,0000 0111 1000
121,audit,0000 0111 1001
122,august,0000 0111 1010
123,aunt,0000 0111 1011
124,author,0000 0111 1100
125,auto,0000 0111 1101
126,autumn,0000 0111 1110
127,average,0000 0111 1111
128,avocado,0000 1000 0000
129,avoid,0000 1000 0001
130,awake,0000 1000 0010
131,aware,0000 1000 0011
132,away,0000 1000 0100
133,awesome,0000 1000 0101
134,awful,0000 1000 0110
135,awkward,0000 1000 0111
136,axis,0000 1000 1000
137,baby,0000 1000 1001
138,bachelor,0000 1000 1010
139,bacon,0000 1000 1011
140,badge,0000 1000 1100
141,bag,0000 1000 1101
142,balance,0000 1000 1110
143,balcony,0000 1000 1111
144,ball,0000 1001 0000
145,bamboo,0000 1001 0001
146,banana,0000 1001 0010
147,banner,0000 1001 0011
148,bar,0000 1001 0100
149,barely,0000 1001 0101
150,bargain,0000 1001 0110
151,barrel,0000 1001 0111
152,base,0000 1001 1000
153,basic,0000 1001 1001
154,basket,0000 1001 1010
155,battle,0000 1001 1011
156,beach,0000 1001 1100
157,bean,0000 1001 1101
158,beauty,0000 1001 1110
159,because,0000 1001 1111
160,become,0000 1010 0000
161,beef,0000 1010 0001
162,before,0000 1010 0010
163,begin,0000 1010 0011
164,behave,0000 1010 0100
165,behind,0000 1010 0101
166,believe,0000 1010 0110
167,below,0000 1010 0111
168,belt,0000 1010 1000
169,bench,0000 1010 1001
170,benefit,0000 1010 1010
171,best,0000 1010 1011
172,betray,0000 1010 1100
173,better,0000 1010 1101
174,between,0000 1010 1110
175,beyond,0000 1010 1111
176,bicycle,0000 1011 0000
177,bid,0000 1011 0001
178,bike,0000 1011 0010
179,bind,0000 1011 0011
180,biology,0000 1011 0100
181,bird,0000 1011 0101
182,birth,0000 1011 0110
183,bitter,0000 1011 0111
184,black,0000 1011 1000
185,blade,0000 1011 1001
186,blame,0000 1011 1010
187,blanket,0000 1011 1011
188,blast,0000 1011 1100
189,bleak,0000 1011 1101
190,bless,0000 1011 1110
191,blind,0000 1011 1111
192,blood,0000 1100 0000
193,blossom,0000 1100 0001
194,blouse,0000 1100 0010
195,blue,0000 1100 0011
196,blur,0000 1100 0100
197,blush,0000 1100 0101
198,board,0000 1100 0110
199,boat,0000 1100 0111
200,body,0000 1100 1000
201,boil,0000 1100 1001
202,bomb,0000 1100 1010
203,bone,0000 1100 1011
204,bonus,0000 1100 1100
205,book,0000 1100 1101
206,boost,0000 1100 1110
207,border,0000 1100 1111
208,boring,0000 1101 0000
209,borrow,0000 1101 0001
210,boss,0000 1101 0010
211,bottom,0000 1101 0011
212,bounce,0000 1101 0100
213,box,0000 1101 0101
214,boy,0000 1101 0110
215,bracket,0000 1101 0111
216,brain,0000 1101 1000
217,brand,0000 1101 1001
218,brass,0000 1101 1010
219,brave,0000 1101 1011
220,bread,0000 1101 1100
221,breeze,0000 1101 1101
222,brick,0000 1101 1110
223,bridge,0000 1101 1111
224,brief,0000 1110 0000
225,bright,0000 1110 0001
226,bring,0000 1110 0010
227,brisk,0000 1110 0011
228,broccoli,0000 1110 0100
229,broken,0000 1110 0101
230,bronze,0000 1110 0110
231,broom,0000 1110 0111
232,brother,0000 1110 1000
233,brown,0000 1110 1001
234,brush,0000 1110 1010
235,bubble,0000 1110 1011
236,buddy,0000 1110 1100
237,budget,0000 1110 1101
238,buffalo,0000 1110 1110
239,build,0000 1110 1111
240,bulb,0000 1111 0000
241,bulk,0000 1111 0001
242,bullet,0000 1111 0010
243,bundle,0000 1111 0011
244,bunker,0000 1111 0100
245,burden,0000 1111 0101
246,burger,0000 1111 0110
247,burst,0000 1111 0111
248,bus,0000 1111 1000
249,business,0000 1111 1001
250,busy,0000 1111 1010
251,butter,0000 1111 1011
252,buyer,0000 1111 1100
253,buzz,0000 1111 1101
254,cabbage,0000 1111 1110
255,cabin,0000 1111 1111
256,cable,0001 0000 0000
257,cactus,0001 0000 0001
258,cage,0001 0000 0010
259,cake,0001 0000 0011
260,call,0001 0000 0100
261,calm,0001 0000 0101
262,camera,0001 0000 0110
263,camp,0001 0000 0111
264,can,0001 0000 1000
265,canal,0001 0000 1001
266,cancel,0001 0000 1010
267,candy,0001 0000 1011
268,cannon,0001 0000 1100
269,canoe,0001 0000 1101
270,canvas,0001 0000 1110
271,canyon,0001 0000 1111
272,capable,0001 0001 0000
273,capital,0001 0001 0001
274,captain,0001 0001 0010
275,car,0001 0001 0011
276,carbon,0001 0001 0100
277,card,0001 0001 0101
278,cargo,0001 0001 0110
279,carpet,0001 0001 0111
280,carry,0001 0001 1000
281,cart,0001 0001 1001
282,case,0001 0001 1010
283,cash,0001 0001 1011
284,casino,0001 0001 1100
285,castle,0001 0001 1101
286,casual,0001 0001 1110
287,cat,0001 0001 1111
288,catalog,0001 0010 0000
289,catch,0001 0010 0001
290,category,0001 0010 0010
291,cattle,0001 0010 0011
292,caught,0001 0010 0100
293,cause,0001 0010 0101
294,caution,0001 0010 0110
295,cave,0001 0010 0111
296,ceiling,0001 0010 1000
297,celery,0001 0010 1001
298,cement,0001 0010 1010
299,census,0001 0010 1011
300,century,0001 0010 1100
301,cereal,0001 0010 1101
302,certain,0001 0010 1110
303,chair,0001 0010 1111
304,chalk,0001 0011 0000
305,champion,0001 0011 0001
306,change,0001 0011 0010
307,chaos,0001 0011 0011
308,chapter,0001 0011 0100
309,charge,0001 0011 0101
310,chase,0001 0011 0110
311,chat,0001 0011 0111
312,cheap,0001 0011 1000
313,check,0001 0011 1001
314,cheese,0001 0011 1010
315,chef,0001 0011 1011
316,cherry,0001 0011 1100
317,chest,0001 0011 1101
318,chicken,0001 0011 1110
319,chief,0001 0011 1111
320,child,0001 0100 0000
321,chimney,0001 0100 0001
322,choice,0001 0100 0010
323,choose,0001 0100 0011
324,chronic,0001 0100 0100
325,chuckle,0001 0100 0101
326,chunk,0001 0100 0110
327,churn,0001 0100 0111
328,cigar,0001 0100 1000
329,cinnamon,0001 0100 1001
330,circle,0001 0100 1010
331,citizen,0001 0100 1011
332,city,0001 0100 1100
333,civil,0001 0100 1101
334,claim,0001 0100 1110
335,clap,0001 0100 1111
336,clarify,0001 0101 0000
337,claw,0001 0101 0001
338,clay,0001 0101 0010
339,clean,0001 0101 0011
340,clerk,0001 0101 0100
341,clever,0001 0101 0101
342,click,0001 0101 0110
343,client,0001 0101 0111
344,cliff,0001 0101 1000
345,climb,0001 0101 1001
346,clinic,0001 0101 1010
347,clip,0001 0101 1011
348,clock,0001 0101 1100
349,clog,0001 0101 1101
350,close,0001 0101 1110
351,cloth,0001 0101 1111
352,cloud,0001 0110 0000
353,clown,0001 0110 0001
354,club,0001 0110 0010
355,clump,0001 0110 0011
356,cluster,0001 0110 0100
357,clutch,0001 0110 0101
358,coach,0001 0110 0110
359,coast,0001 0110 0111
360,coconut,0001 0110 1000
361,code,0001 0110 1001
362,coffee,0001 0110 1010
363,coil,0001 0110 1011
364,coin,0001 0110 1100
365,collect,0001 0110 1101
366,color,0001 0110 1110
367,column,0001 0110 1111
368,combine,0001 0111 0000
369,come,0001 0111 0001
370,comfort,0001 0111 0010
371,comic,0001 0111 0011
372,common,0001 0111 0100
373,company,0001 0111 0101
374,concert,0001 0111 0110
375,conduct,0001 0111 0111
376,confirm,0001 0111 1000
377,congress,0001 0111 1001
378,connect,0001 0111 1010
379,consider,0001 0111 1011
380,control,0001 0111 1100
381,convince,0001 0111 1101
382,cook,0001 0111 1110
383,cool,0001 0111 1111
384,copper,0001 1000 0000
385,copy,0001 1000 0001
386,coral,0001 1000 0010
387,core,0001 1000 0011
388,corn,0001 1000 0100
389,correct,0001 1000 0101
390,cost,0001 1000 0110
391,cotton,0001 1000 0111
392,couch,0001 1000 1000
393,country,0001 1000 1001
394,couple,0001 1000 1010
395,course,0001 1000 1011
396,cousin,0001 1000 1100
397,cover,0001 1000 1101
398,coyote,0001 1000 1110
399,crack,0001 1000 1111
400,cradle,0001 1001 0000
401,craft,0001 1001 0001
402,cram,0001 1001 0010
403,crane,0001 1001 0011
404,crash,0001 1001 0100
405,crater,0001 1001 0101
406,crawl,0001 1001 0110
407,crazy,0001 1001 0111
408,cream,0001 1001 1000
409,credit,0001 1001 1001
410,creek,0001 1001 1010
411,crew,0001 1001 1011
412,cricket,0001 1001 1100
413,crime,0001 1001 1101
414,crisp,0001 1001 1110
415,critic,0001 1001 1111
416,crop,0001 1010 0000
417,cross,0001 1010 0001
418,crouch,0001 1010 0010
419,crowd,0001 1010 0011
420,crucial,0001 1010 0100
421,cruel,0001 1010 0101
422,cruise,0001 1010 0110
423,crumble,0001 1010 0111
424,crunch,0001 1010 1000
425,crush,0001 1010 1001
426,cry,0001 1010 1010
427,crystal,0001 1010 1011
428,cube,0001 1010 1100
429,culture,0001 1010 1101
430,cup,0001 1010 1110
431,cupboard,0001 1010 1111
432,curious,0001 1011 0000
433,current,0001 1011 0001
434,curtain,0001 1011 0010
435,curve,0001 1011 0011
436,cushion,0001 1011 0100
437,custom,0001 1011 0101
438,cute,0001 1011 0110
439,cycle,0001 1011 0111
440,dad,0001 1011 1000
441,damage,0001 1011 1001
442,damp,0001 1011 1010
443,dance,0001 1011 1011
444,danger,0001 1011 1100
445,daring,0001 1011 1101
446,dash,0001 1011 1110
447,daughter,0001 1011 1111
448,dawn,0001 1100 0000
449,day,0001 1100 0001
450,deal,0001 1100 0010
451,debate,0001 1100 0011
452,debris,0001 1100 0100
453,decade,0001 1100 0101
454,december,0001 1100 0110
455,decide,0001 1100 0111
456,decline,0001 1100 1000
457,decorate,0001 1100 1001
458,decrease,0001 1100 1010
459,deer,0001 1100 1011
460,defense,0001 1100 1100
461,define,0001 1100 1101
462,defy,0001 1100 1110
463,degree,0001 1100 1111
464,delay,0001 1101 0000
465,deliver,0001 1101 0001
466,demand,0001 1101 0010
467,demise,0001 1101 0011
468,denial,0001 1101 0100
469,dentist,0001 1101 0101
470,deny,0001 1101 0110
471,depart,0001 1101 0111
472,depend,0001 1101 1000
473,deposit,0001 1101 1001
474,depth,0001 1101 1010
475,deputy,0001 1101 1011
476,derive,0001 1101 1100
477,describe,0001 1101 1101
478,desert,0001 1101 1110
479,design,0001 1101 1111
480,desk,0001 1110 0000
481,despair,0001 1110 0001
482,destroy,0001 1110 0010
483,detail,0001 1110 0011
484,detect,0001 1110 0100
485,develop,0001 1110 0101
486,device,0001 1110 0110
487,devote,0001 1110 0111
488,diagram,0001 1110 1000
489,dial,0001 1110 1001
490,diamond,0001 1110 1010
491,diary,0001 1110 1011
492,dice,0001 1110 1100
493,diesel,0001 1110 1101
494,diet,0001 1110 1110
495,differ,0001 1110 1111
496,digital,0001 1111 0000
497,dignity,0001 1111 0001
498,dilemma,0001 1111 0010
499,dinner,0001 1111 0011
500,dinosaur,0001 1111 0100
501,direct,0001 1111 0101
502,dirt,0001 1111 0110
503,disagree,0001 1111 0111
504,discover,0001 1111 1000
505,disease,0001 1111 1001
506,dish,0001 1111 1010
507,dismiss,0001 1111 1011
508,disorder,0001 1111 1100
509,display,0001 1111 1101
510,distance,0001 1111 1110
511,divert,0001 1111 1111
512,divide,0010 0000 0000
513,divorce,0010 0000 0001
514,dizzy,0010 0000 0010
515,doctor,0010 0000 0011
516,document,0010 0000 0100
517,dog,0010 0000 0101
518,doll,0010 0000 0110
519,dolphin,0010 0000 0111
520,domain,0010 0000 1000
521,donate,0010 0000 1001
522,donkey,0010 0000 1010
523,donor,0010 0000 1011
524,door,0010 0000 1100
525,dose,0010 0000 1101
526,double,0010 0000 1110
527,dove,0010 0000 1111
528,draft,0010 0001 0000
529,dragon,0010 0001 0001
530,drama,0010 0001 0010
531,drastic,0010 0001 0011
532,draw,0010 0001 0100
533,dream,0010 0001 0101
534,dress,0010 0001 0110
535,drift,0010 0001 0111
536,drill,0010 0001 1000
537,drink,0010 0001 1001
538,drip,0010 0001 1010
539,drive,0010 0001 1011
540,drop,0010 0001 1100
541,drum,0010 0001 1101
542,dry,0010 0001 1110
543,duck,0010 0001 1111
544,dumb,0010 0010 0000
545,dune,0010 0010 0001
546,during,0010 0010 0010
547,dust,0010 0010 0011
548,dutch,0010 0010 0100
549,duty,0010 0010 0101
550,dwarf,0010 0010 0110
551,dynamic,0010 0010 0111
552,eager,0010 0010 1000
553,eagle,0010 0010 1001
554,early,0010 0010 1010
555,earn,0010 0010 1011
556,earth,0010 0010 1100
557,easily,0010 0010 1101
558,east,0010 0010 1110
559,easy,0010 0010 1111
560,echo,0010 0011 0000
561,ecology,0010 0011 0001
562,economy,0010 0011 0010
563,edge,0010 0011 0011
564,edit,0010 0011 0100
565,educate,0010 0011 0101
566,effort,0010 0011 0110
567,egg,0010 0011 0111
568,eight,0010 0011 1000
569,either,0010 0011 1001
570,elbow,0010 0011 1010
571,elder,0010 0011 1011
572,electric,0010 0011 1100
573,elegant,0010 0011 1101
574,element,0010 0011 1110
575,elephant,0010 0011 1111
576,elevator,0010 0100 0000
577,elite,0010 0100 0001
578,else,0010 0100 0010
579,embark,0010 0100 0011
580,embody,0010 0100 0100
581,embrace,0010 0100 0101
582,emerge,0010 0100 0110
583,emotion,0010 0100 0111
584,employ,0010 0100 1000
585,empower,0010 0100 1001
586,empty,0010 0100 1010
587,enable,0010 0100 1011
588,enact,0010 0100 1100
589,end,0010 0100 1101
590,endless,0010 0100 1110
591,endorse,0010 0100 1111
592,enemy,0010 0101 0000
593,energy,0010 0101 0001
594,enforce,0010 0101 0010
595,engage,0010 0101 0011
596,engine,0010 0101 0100
597,enhance,0010 0101 0101
598,enjoy,0010 0101 0110
599,enlist,0010 0101 0111
600,enough,0010 0101 1000
601,enrich,0010 0101 1001
602,enroll,0010 0101 1010
603,ensure,0010 0101 1011
604,enter,0010 0101 1100
605,entire,0010 0101 1101
606,entry,0010 0101 1110
607,envelope,0010 0101 1111
608,episode,0010 0110 0000
609,equal,0010 0110 0001
610,equip,0010 0110 0010
611,era,0010 0110 0011
612,erase,0010 0110 0100
613,erode,0010 0110 0101
614,erosion,0010 0110 0110
615,error,0010 0110 0111
616,erupt,0010 0110 1000
617,escape,0010 0110 1001
618,essay,0010 0110 1010
619,essence,0010 0110 1011
620,estate,0010 0110 1100
621,eternal,0010 0110 1101
622,ethics,0010 0110 1110
623,evidence,0010 0110 1111
624,evil,0010 0111 0000
625,evoke,0010 0111 0001
626,evolve,0010 0111 0010
627,exact,0010 0111 0011
628,example,0010 0111 0100
629,excess,0010 0111 0101
630,exchange,0010 0111 0110
631,excite,0010 0111 0111
632,exclude,0010 0111 1000
633,excuse,0010 0111 1001
634,execute,0010 0111 1010
635,exercise,0010 0111 1011
636,exhaust,0010 0111 1100
637,exhibit,0010 0111 1101
638,exile,0010 0111 1110
639,exist,0010 0111 1111
640,exit,0010 1000 0000
641,exotic,0010 1000 0001
642,expand,0010 1000 0010
643,expect,0010 1000 0011
644,expire,0010 1000 0100
645,explain,0010 1000 0101
646,expose,0010 1000 0110
647,express,0010 1000 0111
648,extend,0010 1000 1000
649,extra,0010 1000 1001
650,eye,0010 1000 1010
651,eyebrow,0010 1000 1011
652,fabric,0010 1000 1100
653,face,0010 1000 1101
654,faculty,0010 1000 1110
655,fade,0010 1000 1111
656,faint,0010 1001 0000
657,faith,0010 1001 0001
658,fall,0010 1001 0010
659,false,0010 1001 0011
660,fame,0010 1001 0100
661,family,0010 1001 0101
662,famous,0010 1001 0110
663,fan,0010 1001 0111
664,fancy,0010 1001 1000
665,fantasy,0010 1001 1001
666,farm,0010 1001 1010
667,fashion,0010 1001 1011
668,fat,0010 1001 1100
669,fatal,0010 1001 1101
670,father,0010 1001 1110
671,fatigue,0010 1001 1111
672,fault,0010 1010 0000
673,favorite,0010 1010 0001
674,feature,0010 1010 0010
675,february,0010 1010 0011
676,federal,0010 1010 0100
677,fee,0010 1010 0101
678,feed,0010 1010 0110
679,feel,0010 1010 0111
680,female,0010 1010 1000
681,fence,0010 1010 1001
682,festival,0010 1010 1010
683,fetch,0010 1010 1011
684,fever,0010 1010 1100
685,few,0010 1010 1101
686,fiber,0010 1010 1110
687,fiction,0010 1010 1111
688,field,0010 1011 0000
689,figure,0010 1011 0001
690,file,0010 1011 0010
691,film,0010 1011 0011
692,filter,0010 1011 0100
693,final,0010 1011 0101
694,find,0010 1011 0110
695,fine,0010 1011 0111
696,finger,0010 1011 1000
697,finish,0010 1011 1001
698,fire,0010 1011 1010
699,firm,0010 1011 1011
700,first,0010 1011 1100
701,fiscal,0010 1011 1101
702,fish,0010 1011 1110
703,fit,0010 1011 1111
704,fitness,0010 1100 0000
705,fix,0010 1100 0001
706,flag,0010 1100 0010
707,flame,0010 1100 0011
708,flash,0010 1100 0100
709,flat,0010 1100 0101
710,flavor,0010 1100 0110
711,flee,0010 1100 0111
712,flight,0010 1100 1000
713,flip,0010 1100 1001
714,float,0010 1100 1010
715,flock,0010 1100 1011
716,floor,0010 1100 1100
717,flower,0010 1100 1101
718,fluid,0010 1100 1110
719,flush,0010 1100 1111
720,fly,0010 1101 0000
721,foam,0010 1101 0001
722,focus,0010 1101 0010
723,fog,0010 1101 0011
724,foil,0010 1101 0100
725,fold,0010 1101 0101
726,follow,0010 1101 0110
727,food,0010 1101 0111
728,foot,0010 1101 1000
729,force,0010 1101 1001
730,forest,0010 1101 1010
731,forget,0010 1101 1011
732,fork,0010 1101 1100
733,fortune,0010 1101 1101
734,forum,0010 1101 1110
735,forward,0010 1101 1111
736,fossil,0010 1110 0000
737,foster,0010 1110 0001
738,found,0010 1110 0010
739,fox,0010 1110 0011
740,fragile,0010 1110 0100
741,frame,0010 1110 0101
742,frequent,0010 1110 0110
743,fresh,0010 1110 0111
744,friend,0010 1110 1000
745,fringe,0010 1110 1001
746,frog,0010 1110 1010
747,front,0010 1110 1011
748,frost,0010 1110 1100
749,frown,0010 1110 1101
750,frozen,0010 1110 1110
751,fruit,0010 1110 1111
752,fuel,0010 1111 0000
753,fun,0010 1111 0001
754,funny,0010 1111 0010
755,furnace,0010 1111 0011
756,fury,0010 1111 0100
757,future,0010 1111 0101
758,gadget,0010 1111 0110
759,gain,0010 1111 0111
760,galaxy,0010 1111 1000
761,gallery,0010 1111 1001
762,game,0010 1111 1010
763,gap,0010 1111 1011
764,garage,0010 1111 1100
765,garbage,0010 1111 1101
766,garden,0010 1111 1110
767,garlic,0010 1111 1111
768,garment,0011 0000 0000
769,gas,0011 0000 0001
770,gasp,0011 0000 0010
771,gate,0011 0000 0011
772,gather,0011 0000 0100
773,gauge,0011 0000 0101
774,gaze,0011 0000 0110
775,general,0011 0000 0111
776,genius,0011 0000 1000
777,genre,0011 0000 1001
778,gentle,0011 0000 1010
779,genuine,0011 0000 1011
780,gesture,0011 0000 1100
781,ghost,0011 0000 1101
782,giant,0011 0000 1110
783,gift,0011 0000 1111
784,giggle,0011 0001 0000
785,ginger,0011 0001 0001
786,giraffe,0011 0001 0010
787,girl,0011 0001 0011
788,give,0011 0001 0100
789,glad,0011 0001 0101
790,glance,0011 0001 0110
791,glare,0011 0001 0111
792,glass,0011 0001 1000
793,glide,0011 0001 1001
794,glimpse,0011 0001 1010
795,globe,0011 0001 1011
796,gloom,0011 0001 1100
797,glory,0011 0001 1101
798,glove,0011 0001 1110
799,glow,0011 0001 1111
800,glue,0011 0010 0000
801,goat,0011 0010 0001
802,goddess,0011 0010 0010
803,gold,0011 0010 0011
804,good,0011 0010 0100
805,goose,0011 0010 0101
806,gorilla,0011 0010 0110
807,gospel,0011 0010 0111
808,gossip,0011 0010 1000
809,govern,0011 0010 1001
810,gown,0011 0010 1010
811,grab,0011 0010 1011
812,grace,0011 0010 1100
813,grain,0011 0010 1101
814,grant,0011 0010 1110
815,grape,0011 0010 1111
816,grass,0011 0011 0000
817,gravity,0011 0011 0001
818,great,0011 0011 0010
819,green,0011 0011 0011
820,grid,0011 0011 0100
821,grief,0011 0011 0101
822,grit,0011 0011 0110
823,grocery,0011 0011 0111
824,group,0011 0011 1000
825,grow,0011 0011 1001
826,grunt,0011 0011 1010
827,guard,0011 0011 1011
828,guess,0011 0011 1100
829,guide,0011 0011 1101
830,guilt,0011 0011 1110
831,guitar,0011 0011 1111
832,gun,0011 0100 0000
833,gym,0011 0100 0001
834,habit,0011 0100 0010
835,hair,0011 0100 0011
836,half,0011 0100 0100
837,hammer,0011 0100 0101
838,hamster,0011 0100 0110
839,hand,0011 0100 0111
840,happy,0011 0100 1000
841,harbor,0011 0100 1001
842,hard,0011 0100 1010
843,harsh,0011 0100 1011
844,harvest,0011 0100 1100
845,hat,0011 0100 1101
846,have,0011 0100 1110
847,hawk,0011 0100 1111
848,hazard,0011 0101 0000
849,head,0011 0101 0001
850,health,0011 0101 0010
851,heart,0011 0101 0011
852,heavy,0011 0101 0100
853,hedgehog,0011 0101 0101
854,height,0011 0101 0110
855,hello,0011 0101 0111
856,helmet,0011 0101 1000
857,help,0011 0101 1001
858,hen,0011 0101 1010
859,hero,0011 0101 1011
860,hidden,0011 0101 1100
861,high,0011 0101 1101
862,hill,0011 0101 1110
863,hint,0011 0101 1111
864,hip,0011 0110 0000
865,hire,0011 0110 0001
866,history,0011 0110 0010
867,hobby,0011 0110 0011
868,hockey,0011 0110 0100
869,hold,0011 0110 0101
870,hole,0011 0110 0110
871,holiday,0011 0110 0111
872,hollow,0011 0110 1000
873,home,0011 0110 1001
874,honey,0011 0110 1010
875,hood,0011 0110 1011
876,hope,0011 0110 1100
877,horn,0011 0110 1101
878,horror,0011 0110 1110
879,horse,0011 0110 1111
880,hospital,0011 0111 0000
881,host,0011 0111 0001
882,hotel,0011 0111 0010
883,hour,0011 0111 0011
884,hover,0011 0111 0100
885,hub,0011 0111 0101
886,huge,0011 0111 0110
887,human,0011 0111 0111
888,humble,0011 0111 1000
889,humor,0011 0111 1001
890,hundred,0011 0111 1010
891,hungry,0011 0111 1011
892,hunt,0011 0111 1100
893,hurdle,0011 0111 1101
894,hurry,0011 0111 1110
895,hurt,0011 0111 1111
896,husband,0011 1000 0000
897,hybrid,0011 1000 0001
898,ice,0011 1000 0010
899,icon,0011 1000 0011
900,idea,0011 1000 0100
901,identify,0011 1000 0101
902,idle,0011 1000 0110
903,ignore,0011 1000 0111
904,ill,0011 1000 1000
905,illegal,0011 1000 1001
906,illness,0011 1000 1010
907,image,0011 1000 1011
908,imitate,0011 1000 1100
909,immense,0011 1000 1101
910,immune,0011 1000 1110
911,impact,0011 1000 1111
912,impose,0011 1001 0000
913,improve,0011 1001 0001
914,impulse,0011 1001 0010
915,inch,0011 1001 0011
916,include,0011 1001 0100
917,income,0011 1001 0101
918,increase,0011 1001 0110
919,index,0011 1001 0111
920,indicate,0011 1001 1000
921,indoor,0011 1001 1001
922,industry,0011 1001 1010
923,infant,0011 1001 1011
924,inflict,0011 1001 1100
925,inform,0011 1001 1101
926,inhale,0011 1001 1110
927,inherit,0011 1001 1111
928,initial,0011 1010 0000
929,inject,0011 1010 0001
930,injury,0011 1010 0010
931,inmate,0011 1010 0011
932,inner,0011 1010 0100
933,innocent,0011 1010 0101
934,input,0011 1010 0110
935,inquiry,0011 1010 0111
936,insane,0011 1010 1000
937,insect,0011 1010 1001
938,inside,0011 1010 1010
939,inspire,0011 1010 1011
940,install,0011 1010 1100
941,intact,0011 1010 1101
942,interest,0011 1010 1110
943,into,0011 1010 1111
944,invest,0011 1011 0000
945,invite,0011 1011 0001
946,involve,0011 1011 0010
947,iron,0011 1011 0011
948,island,0011 1011 0100
949,isolate,0011 1011 0101
950,issue,0011 1011 0110
951,item,0011 1011 0111
952,ivory,0011 1011 1000
953,jacket,0011 1011 1001
954,jaguar,0011 1011 1010
955,jar,0011 1011 1011
956,jazz,0011 1011 1100
957,jealous,0011 1011 1101
958,jeans,0011 1011 1110
959,jelly,0011 1011 1111
960,jewel,0011 1100 0000
961,job,0011 1100 0001
962,join,0011 1100 0010
963,joke,0011 1100 0011
964,journey,0011 1100 0100
965,joy,0011 1100 0101
966,judge,0011 1100 0110
967,juice,0011 1100 0111
968,jump,0011 1100 1000
969,jungle,0011 1100 1001
970,junior,0011 1100 1010
971,junk,0011 1100 1011
972,just,0011 1100 1100
973,kangaroo,0011 1100 1101
974,keen,0011 1100 1110
975,keep,0011 1100 1111
976,ketchup,0011 1101 0000
977,key,0011 1101 0001
978,kick,0011 1101 0010
979,kid,0011 1101 0011
980,kidney,0011 1101 0100
981,kind,0011 1101 0101
982,kingdom,0011 1101 0110
983,kiss,0011 1101 0111
984,kit,0011 1101 1000
985,kitchen,0011 1101 1001
986,kite,0011 1101 1010
987,kitten,0011 1101 1011
988,kiwi,0011 1101 1100
989,knee,0011 1101 1101
990,knife,0011 1101 1110
991,knock,0011 1101 1111
992,know,0011 1110 0000
993,lab,0011 1110 0001
994,label,0011 1110 0010
995,labor,0011 1110 0011
996,ladder,0011 1110 0100
997,lady,0011 1110 0101
998,lake,0011 1110 0110
999,lamp,0011 1110 0111
1000,language,0011 1110 1000
1001,laptop,0011 1110 1001
1002,large,0011 1110 1010
1003,later,0011 1110 1011
1004,latin,0011 1110 1100
1005,laugh,0011 1110 1101
1006,laundry,0011 1110 1110
1007,lava,0011 1110 1111
1008,law,0011 1111 0000
1009,lawn,0011 1111 0001
1010,lawsuit,0011 1111 0010
1011,layer,0011 1111 0011
1012,lazy,0011 1111 0100
1013,leader,0011 1111 0101
1014,leaf,0011 1111 0110
1015,learn,0011 1111 0111
1016,leave,0011 1111 1000
1017,lecture,0011 1111 1001
1018,left,0011 1111 1010
1019,leg,0011 1111 1011
1020,legal,0011 1111 1100
1021,legend,0011 1111 1101
1022,leisure,0011 1111 1110
1023,lemon,0011 1111 1111
1024,lend,0100 0000 0000
1025,length,0100 0000 0001
1026,lens,0100 0000 0010
1027,leopard,0100 0000 0011
1028,lesson,0100 0000 0100
1029,letter,0100 0000 0101
1030,level,0100 0000 0110
1031,liar,0100 0000 0111
1032,liberty,0100 0000 1000
1033,library,0100 0000 1001
1034,license,0100 0000 1010
1035,life,0100 0000 1011
1036,lift,0100 0000 1100
1037,light,0100 0000 1101
1038,like,0100 0000 1110
1039,limb,0100 0000 1111
1040,limit,0100 0001 0000
1041,link,0100 0001 0001
1042,lion,0100 0001 0010
1043,liquid,0100 0001 0011
1044,list,0100 0001 0100
1045,little,0100 0001 0101
1046,live,0100 0001 0110
1047,lizard,0100 0001 0111
1048,load,0100 0001 1000
1049,loan,0100 0001 1001
1050,lobster,0100 0001 1010
1051,local,0100 0001 1011
1052,lock,0100 0001 1100
1053,logic,0100 0001 1101
1054,lonely,0100 0001 1110
1055,long,0100 0001 1111
1056,loop,0100 0010 0000
1057,lottery,0100 0010 0001
1058,loud,0100 0010 0010
1059,lounge,0100 0010 0011
1060,love,0100 0010 0100
1061,loyal,0100 0010 0101
1062,lucky,0100 0010 0110
1063,luggage,0100 0010 0111
1064,lumber,0100 0010 1000
1065,lunar,0100 0010 1001
1066,lunch,0100 0010 1010
1067,luxury,0100 0010 1011
1068,lyrics,0100 0010 1100
1069,machine,0100 0010 1101
1070,mad,0100 0010 1110
1071,magic,0100 0010 1111
1072,magnet,0100 0011 0000
1073,maid,0100 0011 0001
1074,mail,0100 0011 0010
1075,main,0100 0011 0011
1076,major,0100 0011 0100
1077,make,0100 0011 0101
1078,mammal,0100 0011 0110
1079,man,0100 0011 0111
1080,manage,0100 0011 1000
1081,mandate,0100 0011 1001
1082,mango,0100 0011 1010
1083,mansion,0100 0011 1011
1084,manual,0100 0011 1100
1085,maple,0100 0011 1101
1086,marble,0100 0011 1110
1087,march,0100 0011 1111
1088,margin,0100 0100 0000
1089,marine,0100 0100 0001
1090,market,0100 0100 0010
1091,marriage,0100 0100 0011
1092,mask,0100 0100 0100
1093,mass,0100 0100 0101
1094,master,0100 0100 0110
1095,match,0100 0100 0111
1096,material,0100 0100 1000
1097,math,0100 0100 1001
1098,matrix,0100 0100 1010
1099,matter,0100 0100 1011
1100,maximum,0100 0100 1100
1101,maze,0100 0100 1101
1102,meadow,0100 0100 1110
1103,mean,0100 0100 1111
1104,measure,0100 0101 0000
1105,meat,0100 0101 0001
1106,mechanic,0100 0101 0010
1107,medal,0100 0101 0011
1108,media,0100 0101 0100
1109,melody,0100 0101 0101
1110,melt,0100 0101 0110
1111,member,0100 0101 0111
1112,memory,0100 0101 1000
1113,mention,0100 0101 1001
1114,menu,0100 0101 1010
1115,mercy,0100 0101 1011
1116,merge,0100 0101 1100
1117,merit,0100 0101 1101
1118,merry,0100 0101 1110
1119,mesh,0100 0101 1111
1120,message,0100 0110 0000
1121,metal,0100 0110 0001
1122,method,0100 0110 0010
1123,middle,0100 0110 0011
1124,midnight,0100 0110 0100
1125,milk,0100 0110 0101
1126,million,0100 0110 0110
1127,mimic,0100 0110 0111
1128,mind,0100 0110 1000
1129,minimum,0100 0110 1001
1130,minor,0100 0110 1010
1131,minute,0100 0110 1011
1132,miracle,0100 0110 1100
1133,mirror,0100 0110 1101
1134,misery,0100 0110 1110
1135,miss,0100 0110 1111
1136,mistake,0100 0111 0000
1137,mix,0100 0111 0001
1138,mixed,0100 0111 0010
1139,mixture,0100 0111 0011
1140,mobile,0100 0111 0100
1141,model,0100 0111 0101
1142,modify,0100 0111 0110
1143,mom,0100 0111 0111
1144,moment,0100 0111 1000
1145,monitor,0100 0111 1001
1146,monkey,0100 0111 1010
1147,monster,0100 0111 1011
1148,month,0100 0111 1100
1149,moon,0100 0111 1101
1150,moral,0100 0111 1110
1151,more,0100 0111 1111
1152,morning,0100 1000 0000
1153,mosquito,0100 1000 0001
1154,mother,0100 1000 0010
1155,motion,0100 1000 0011
1156,motor,0100 1000 0100
1157,mountain,0100 1000 0101
1158,mouse,0100 1000 0110
1159,move,0100 1000 0111
1160,movie,0100 1000 1000
1161,much,0100 1000 1001
1162,muffin,0100 1000 1010
1163,mule,0100 1000 1011
1164,multiply,0100 1000 1100
1165,muscle,0100 1000 1101
1166,museum,0100 1000 1110
1167,mushroom,0100 1000 1111
1168,music,0100 1001 0000
1169,must,0100 1001 0001
1170,mutual,0100 1001 0010
1171,myself,0100 1001 0011
1172,mystery,0100 1001 0100
1173,myth,0100 1001 0101
1174,naive,0100 1001 0110
1175,name,0100 1001 0111
1176,napkin,0100 1001 1000
1177,narrow,0100 1001 1001
1178,nasty,0100 1001 1010
1179,nation,0100 1001 1011
1180,nature,0100 1001 1100
1181,near,0100 1001 1101
1182,neck,0100 1001 1110
1183,need,0100 1001 1111
1184,negative,0100 1010 0000
1185,neglect,0100 1010 0001
1186,neither,0100 1010 0010
1187,nephew,0100 1010 0011
1188,nerve,0100 1010 0100
1189,nest,0100 1010 0101
1190,net,0100 1010 0110
1191,network,0100 1010 0111
1192,neutral,0100 1010 1000
1193,never,0100 1010 1001
1194,news,0100 1010 1010
1195,next,0100 1010 1011
1196,nice,0100 1010 1100
1197,night,0100 1010 1101
1198,noble,0100 1010 1110
1199,noise,0100 1010 1111
1200,nominee,0100 1011 0000
1201,noodle,0100 1011 0001
1202,normal,0100 1011 0010
1203,north,0100 1011 0011
1204,nose,0100 1011 0100
1205,notable,0100 1011 0101
1206,note,0100 1011 0110
1207,nothing,0100 1011 0111
1208,notice,0100 1011 1000
1209,novel,0100 1011 1001
1210,now,0100 1011 1010
1211,nuclear,0100 1011 1011
1212,number,0100 1011 1100
1213,nurse,0100 1011 1101
1214,nut,0100 1011 1110
1215,oak,0100 1011 1111
1216,obey,0100 1100 0000
1217,object,0100 1100 0001
1218,oblige,0100 1100 0010
1219,obscure,0100 1100 0011
1220,observe,0100 1100 0100
1221,obtain,0100 1100 0101
1222,obvious,0100 1100 0110
1223,occur,0100 1100 0111
1224,ocean,0100 1100 1000
1225,october,0100 1100 1001
1226,odor,0100 1100 1010
1227,off,0100 1100 1011
1228,offer,0100 1100 1100
1229,office,0100 1100 1101
1230,often,0100 1100 1110
1231,oil,0100 1100 1111
1232,okay,0100 1101 0000
1233,old,0100 1101 0001
1234,olive,0100 1101 0010
1235,olympic,0100 1101 0011
1236,omit,0100 1101 0100
1237,once,0100 1101 0101
1238,one,0100 1101 0110
1239,onion,0100 1101 0111
1240,online,0100 1101 1000
1241,only,0100 1101 1001
1242,open,0100 1101 1010
1243,opera,0100 1101 1011
1244,opinion,0100 1101 1100
1245,oppose,0100 1101 1101
1246,option,0100 1101 1110
1247,orange,0100 1101 1111
1248,orbit,0100 1110 0000
1249,orchard,0100 1110 0001
1250,order,0100 1110 0010
1251,ordinary,0100 1110 0011
1252,organ,0100 1110 0100
1253,orient,0100 1110 0101
1254,original,0100 1110 0110
1255,orphan,0100 1110 0111
1256,ostrich,0100 1110 1000
1257,other,0100 1110 1001
1258,outdoor,0100 1110 1010
1259,outer,0100 1110 1011
1260,output,0100 1110 1100
1261,outside,0100 1110 1101
1262,oval,0100 1110 1110
1263,oven,0100 1110 1111
1264,over,0100 1111 0000
1265,own,0100 1111 0001
1266,owner,0100 1111 0010
1267,oxygen,0100 1111 0011
1268,oyster,0100 1111 0100
1269,ozone,0100 1111 0101
1270,pact,0100 1111 0110
1271,paddle,0100 1111 0111
1272,page,0100 1111 1000
1273,pair,0100 1111 1001
1274,palace,0100 1111 1010
1275,palm,0100 1111 1011
1276,panda,0100 1111 1100
1277,panel,0100 1111 1101
1278,panic,0100 1111 1110
1279,panther,0100 1111 1111
1280,paper,0101 0000 0000
1281,parade,0101 0000 0001
1282,parent,0101 0000 0010
1283,park,0101 0000 0011
1284,parrot,0101 0000 0100
1285,party,0101 0000 0101
1286,pass,0101 0000 0110
1287,patch,0101 0000 0111
1288,path,0101 0000 1000
1289,patient,0101 0000 1001
1290,patrol,0101 0000 1010
1291,pattern,0101 0000 1011
1292,pause,0101 0000 1100
1293,pave,0101 0000 1101
1294,payment,0101 0000 1110
1295,peace,0101 0000 1111
1296,peanut,0101 0001 0000
1297,pear,0101 0001 0001
1298,peasant,0101 0001 0010
1299,pelican,0101 0001 0011
1300,pen,0101 0001 0100
1301,penalty,0101 0001 0101
1302,pencil,0101 0001 0110
1303,people,0101 0001 0111
1304,pepper,0101 0001 1000
1305,perfect,0101 0001 1001
1306,permit,0101 0001 1010
1307,person,0101 0001 1011
1308,pet,0101 0001 1100
1309,phone,0101 0001 1101
1310,photo,0101 0001 1110
1311,phrase,0101 0001 1111
1312,physical,0101 0010 0000
1313,piano,0101 0010 0001
1314,picnic,0101 0010 0010
1315,picture,0101 0010 0011
1316,piece,0101 0010 0100
1317,pig,0101 0010 0101
1318,pigeon,0101 0010 0110
1319,pill,0101 0010 0111
1320,pilot,0101 0010 1000
1321,pink,0101 0010 1001
1322,pioneer,0101 0010 1010
1323,pipe,0101 0010 1011
1324,pistol,0101 0010 1100
1325,pitch,0101 0010 1101
1326,pizza,0101 0010 1110
1327,place,0101 0010 1111
1328,planet,0101 0011 0000
1329,plastic,0101 0011 0001
1330,plate,0101 0011 0010
1331,play,0101 0011 0011
1332,please,0101 0011 0100
1333,pledge,0101 0011 0101
1334,pluck,0101 0011 0110
1335,plug,0101 0011 0111
1336,plunge,0101 0011 1000
1337,poem,0101 0011 1001
1338,poet,0101 0011 1010
1339,point,0101 0011 1011
1340,polar,0101 0011 1100
1341,pole,0101 0011 1101
1342,police,0101 0011 1110
1343,pond,0101 0011 1111
1344,pony,0101 0100 0000
1345,pool,0101 0100 0001
1346,popular,0101 0100 0010
1347,portion,0101 0100 0011
1348,position,0101 0100 0100
1349,possible,0101 0100 0101
1350,post,0101 0100 0110
1351,potato,0101 0100 0111
1352,pottery,0101 0100 1000
1353,poverty,0101 0100 1001
1354,powder,0101 0100 1010
1355,power,0101 0100 1011
1356,practice,0101 0100 1100
1357,praise,0101 0100 1101
1358,predict,0101 0100 1110
1359,prefer,0101 0100 1111
1360,prepare,0101 0101 0000
1361,present,0101 0101 0001
1362,pretty,0101 0101 0010
1363,prevent,0101 0101 0011
1364,price,0101 0101 0100
1365,pride,0101 0101 0101
1366,primary,0101 0101 0110
1367,print,0101 0101 0111
1368,priority,0101 0101 1000
1369,prison,0101 0101 1001
1370,private,0101 0101 1010
1371,prize,0101 0101 1011
1372,problem,0101 0101 1100
1373,process,0101 0101 1101
1374,produce,0101 0101 1110
1375,profit,0101 0101 1111
1376,program,0101 0110 0000
1377,project,0101 0110 0001
1378,promote,0101 0110 0010
1379,proof,0101 0110 0011
1380,property,0101 0110 0100
1381,prosper,0101 0110 0101
1382,protect,0101 0110 0110
1383,proud,0101 0110 0111
1384,provide,0101 0110 1000
1385,public,0101 0110 1001
1386,pudding,0101 0110 1010
1387,pull,0101 0110 1011
1388,pulp,0101 0110 1100
1389,pulse,0101 0110 1101
1390,pumpkin,0101 0110 1110
1391,punch,0101 0110 1111
1392,pupil,0101 0111 0000
1393,puppy,0101 0111 0001
1394,purchase,0101 0111 0010
1395,purity,0101 0111 0011
1396,purpose,0101 0111 0100
1397,purse,0101 0111 0101
1398,push,0101 0111 0110
1399,put,0101 0111 0111
1400,puzzle,0101 0111 1000
1401,pyramid,0101 0111 1001
1402,quality,0101 0111 1010
1403,quantum,0101 0111 1011
1404,quarter,0101 0111 1100
1405,question,0101 0111 1101
1406,quick,0101 0111 1110
1407,quit,0101 0111 1111
1408,quiz,0101 1000 0000
1409,quote,0101 1000 0001
1410,rabbit,0101 1000 0010
1411,raccoon,0101 1000 0011
1412,race,0101 1000 0100
1413,rack,0101 1000 0101
1414,radar,0101 1000 0110
1415,radio,0101 1000 0111
1416,rail,0101 1000 1000
1417,rain,0101 1000 1001
1418,raise,0101 1000 1010
1419,rally,0101 1000 1011
1420,ramp,0101 1000 1100
1421,ranch,0101 1000 1101
1422,random,0101 1000 1110
1423,range,0101 1000 1111
1424,rapid,0101 1001 0000
1425,rare,0101 1001 0001
1426,rate,0101 1001 0010
1427,rather,0101 1001 0011
1428,raven,0101 1001 0100
1429,raw,0101 1001 0101
1430,razor,0101 1001 0110
1431,ready,0101 1001 0111
1432,real,0101 1001 1000
1433,reason,0101 1001 1001
1434,rebel,0101 1001 1010
1435,rebuild,0101 1001 1011
1436,recall,0101 1001 1100
1437,receive,0101 1001 1101
1438,recipe,0101 1001 1110
1439,record,0101 1001 1111
1440,recycle,0101 1010 0000
1441,reduce,0101 1010 0001
1442,reflect,0101 1010 0010
1443,reform,0101 1010 0011
1444,refuse,0101 1010 0100
1445,region,0101 1010 0101
1446,regret,0101 1010 0110
1447,regular,0101 1010 0111
1448,reject,0101 1010 1000
1449,relax,0101 1010 1001
1450,release,0101 1010 1010
1451,relief,0101 1010 1011
1452,rely,0101 1010 1100
1453,remain,0101 1010 1101
1454,remember,0101 1010 1110
1455,remind,0101 1010 1111
1456,remove,0101 1011 0000
1457,render,0101 1011 0001
1458,renew,0101 1011 0010
1459,rent,0101 1011 0011
1460,reopen,0101 1011 0100
1461,repair,0101 1011 0101
1462,repeat,0101 1011 0110
1463,replace,0101 1011 0111
1464,report,0101 1011 1000
1465,require,0101 1011 1001
1466,rescue,0101 1011 1010
1467,resemble,0101 1011 1011
1468,resist,0101 1011 1100
1469,resource,0101 1011 1101
1470,response,0101 1011 1110
1471,result,0101 1011 1111
1472,retire,0101 1100 0000
1473,retreat,0101 1100 0001
1474,return,0101 1100 0010
1475,reunion,0101 1100 0011
1476,reveal,0101 1100 0100
1477,review,0101 1100 0101
1478,reward,0101 1100 0110
1479,rhythm,0101 1100 0111
1480,rib,0101 1100 1000
1481,ribbon,0101 1100 1001
1482,rice,0101 1100 1010
1483,rich,0101 1100 1011
1484,ride,0101 1100 1100
1485,ridge,0101 1100 1101
1486,rifle,0101 1100 1110
1487,right,0101 1100 1111
1488,rigid,0101 1101 0000
1489,ring,0101 1101 0001
1490,riot,0101 1101 0010
1491,ripple,0101 1101 0011
1492,risk,0101 1101 0100
1493,ritual,0101 1101 0101
1494,rival,0101 1101 0110
1495,river,0101 1101 0111
1496,road,0101 1101 1000
1497,roast,0101 1101 1001
1498,robot,0101 1101 1010
1499,robust,0101 1101 1011
1500,rocket,0101 1101 1100
1501,romance,0101 1101 1101
1502,roof,0101 1101 1110
1503,rookie,0101 1101 1111
1504,room,0101 1110 0000
1505,rose,0101 1110 0001
1506,rotate,0101 1110 0010
1507,rough,0101 1110 0011
1508,round,0101 1110 0100
1509,route,0101 1110 0101
1510,royal,0101 1110 0110
1511,rubber,0101 1110 0111
1512,rude,0101 1110 1000
1513,rug,0101 1110 1001
1514,rule,0101 1110 1010
1515,run,0101 1110 1011
1516,runway,0101 1110 1100
1517,rural,0101 1110 1101
1518,sad,0101 1110 1110
1519,saddle,0101 1110 1111
1520,sadness,0101 1111 0000
1521,safe,0101 1111 0001
1522,sail,0101 1111 0010
1523,salad,0101 1111 0011
1524,salmon,0101 1111 0100
1525,salon,0101 1111 0101
1526,salt,0101 1111 0110
1527,salute,0101 1111 0111
1528,same,0101 1111 1000
1529,sample,0101 1111 1001
1530,sand,0101 1111 1010
1531,satisfy,0101 1111 1011
1532,satoshi,0101 1111 1100
1533,sauce,0101 1111 1101
1534,sausage,0101 1111 1110
1535,save,0101 1111 1111
1536,say,0110 0000 0000
1537,scale,0110 0000 0001
1538,scan,0110 0000 0010
1539,scare,0110 0000 0011
1540,scatter,0110 0000 0100
1541,scene,0110 0000 0101
1542,scheme,0110 0000 0110
1543,school,0110 0000 0111
1544,science,0110 0000 1000
1545,scissors,0110 0000 1001
1546,scorpion,0110 0000 1010
1547,scout,0110 0000 1011
1548,scrap,0110 0000 1100
1549,screen,0110 0000 1101
1550,script,0110 0000 1110
1551,scrub,0110 0000 1111
1552,sea,0110 0001 0000
1553,search,0110 0001 0001
1554,season,0110 0001 0010
1555,seat,0110 0001 0011
1556,second,0110 0001 0100
1557,secret,0110 0001 0101
1558,section,0110 0001 0110
1559,security,0110 0001 0111
1560,seed,0110 0001 1000
1561,seek,0110 0001 1001
1562,segment,0110 0001 1010
1563,select,0110 0001 1011
1564,sell,0110 0001 1100
1565,seminar,0110 0001 1101
1566,senior,0110 0001 1110
1567,sense,0110 0001 1111
1568,sentence,0110 0010 0000
1569,series,0110 0010 0001
1570,service,0110 0010 0010
1571,session,0110 0010 0011
1572,settle,0110 0010 0100
1573,setup,0110 0010 0101
1574,seven,0110 0010 0110
1575,shadow,0110 0010 0111
1576,shaft,0110 0010 1000
1577,shallow,0110 0010 1001
1578,share,0110 0010 1010
1579,shed,0110 0010 1011
1580,shell,0110 0010 1100
1581,sheriff,0110 0010 1101
1582,shield,0110 0010 1110
1583,shift,0110 0010 1111
1584,shine,0110 0011 0000
1585,ship,0110 0011 0001
1586,shiver,0110 0011 0010
1587,shock,0110 0011 0011
1588,shoe,0110 0011 0100
1589,shoot,0110 0011 0101
1590,shop,0110 0011 0110
1591,short,0110 0011 0111
1592,shoulder,0110 0011 1000
1593,shove,0110 0011 1001
1594,shrimp,0110 0011 1010
1595,shrug,0110 0011 1011
1596,shuffle,0110 0011 1100
1597,shy,0110 0011 1101
1598,sibling,0110 0011 1110
1599,sick,0110 0011 1111
1600,side,0110 0100 0000
1601,siege,0110 0100 0001
1602,sight,0110 0100 0010
1603,sign,0110 0100 0011
1604,silent,0110 0100 0100
1605,silk,0110 0100 0101
1606,silly,0110 0100 0110
1607,silver,0110 0100 0111
1608,similar,0110 0100 1000
1609,simple,0110 0100 1001
1610,since,0110 0100 1010
1611,sing,0110 0100 1011
1612,siren,0110 0100 1100
1613,sister,0110 0100 1101
1614,situate,0110 0100 1110
1615,six,0110 0100 1111
1616,size,0110 0101 0000
1617,skate,0110 0101 0001
1618,sketch,0110 0101 0010
1619,ski,0110 0101 0011
1620,skill,0110 0101 0100
1621,skin,0110 0101 0101
1622,skirt,0110 0101 0110
1623,skull,0110 0101 0111
1624,slab,0110 0101 1000
1625,slam,0110 0101 1001
1626,sleep,0110 0101 1010
1627,slender,0110 0101 1011
1628,slice,0110 0101 1100
1629,slide,0110 0101 1101
1630,slight,0110 0101 1110
1631,slim,0110 0101 1111
1632,slogan,0110 0110 0000
1633,slot,0110 0110 0001
1634,slow,0110 0110 0010
1635,slush,0110 0110 0011
1636,small,0110 0110 0100
1637,smart,0110 0110 0101
1638,smile,0110 0110 0110
1639,smoke,0110 0110 0111
1640,smooth,0110 0110 1000
1641,snack,0110 0110 1001
1642,snake,0110 0110 1010
1643,snap,0110 0110 1011
1644,sniff,0110 0110 1100
1645,snow,0110 0110 1101
1646,soap,0110 0110 1110
1647,soccer,0110 0110 1111
1648,social,0110 0111 0000
1649,sock,0110 0111 0001
1650,soda,0110 0111 0010
1651,soft,0110 0111 0011
1652,solar,0110 0111 0100
1653,soldier,0110 0111 0101
1654,solid,0110 0111 0110
1655,solution,0110 0111 0111
1656,solve,0110 0111 1000
1657,someone,0110 0111 1001
1658,song,0110 0111 1010
1659,soon,0110 0111 1011
1660,sorry,0110 0111 1100
1661,sort,0110 0111 1101
1662,soul,0110 0111 1110
1663,sound,0110 0111 1111
1664,soup,0110 1000 0000
1665,source,0110 1000 0001
1666,south,0110 1000 0010
1667,space,0110 1000 0011
1668,spare,0110 1000 0100
1669,spatial,0110 1000 0101
1670,spawn,0110 1000 0110
1671,speak,0110 1000 0111
1672,special,0110 1000 1000
1673,speed,0110 1000 1001
1674,spell,0110 1000 1010
1675,spend,0110 1000 1011
1676,sphere,0110 1000 1100
1677,spice,0110 1000 1101
1678,spider,0110 1000 1110
1679,spike,0110 1000 1111
1680,spin,0110 1001 0000
1681,spirit,0110 1001 0001
1682,split,0110 1001 0010
1683,spoil,0110 1001 0011
1684,sponsor,0110 1001 0100
1685,spoon,0110 1001 0101
1686,sport,0110 1001 0110
1687,spot,0110 1001 0111
1688,spray,0110 1001 1000
1689,spread,0110 1001 1001
1690,spring,0110 1001 1010
1691,spy,0110 1001 1011
1692,square,0110 1001 1100
1693,squeeze,0110 1001 1101
1694,squirrel,0110 1001 1110
1695,stable,0110 1001 1111
1696,stadium,0110 1010 0000
1697,staff,0110 1010 0001
1698,stage,0110 1010 0010
1699,stairs,0110 1010 0011
1700,stamp,0110 1010 0100
1701,stand,0110 1010 0101
1702,start,0110 1010 0110
1703,state,0110 1010 0111
1704,stay,0110 1010 1000
1705,steak,0110 1010 1001
1706,steel,0110 1010 1010
1707,stem,0110 1010 1011
1708,step,0110 1010 1100
1709,stereo,0110 1010 1101
1710,stick,0110 1010 1110
1711,still,0110 1010 1111
1712,sting,0110 1011 0000
1713,stock,0110 1011 0001
1714,stomach,0110 1011 0010
1715,stone,0110 1011 0011
1716,stool,0110 1011 0100
1717,story,0110 1011 0101
1718,stove,0110 1011 0110
1719,strategy,0110 1011 0111
1720,street,0110 1011 1000
1721,strike,0110 1011 1001
1722,strong,0110 1011 1010
1723,struggle,0110 1011 1011
1724,student,0110 1011 1100
1725,stuff,0110 1011 1101
1726,stumble,0110 1011 1110
1727,style,0110 1011 1111
1728,subject,0110 1100 0000
1729,submit,0110 1100 0001
1730,subway,0110 1100 0010
1731,success,0110 1100 0011
1732,such,0110 1100 0100
1733,sudden,0110 1100 0101
1734,suffer,0110 1100 0110
1735,sugar,0110 1100 0111
1736,suggest,0110 1100 1000
1737,suit,0110 1100 1001
1738,summer,0110 1100 1010
1739,sun,0110 1100 1011
1740,sunny,0110 1100 1100
1741,sunset,0110 1100 1101
1742,super,0110 1100 1110
1743,supply,0110 1100 1111
1744,supreme,0110 1101 0000
1745,sure,0110 1101 0001
1746,surface,0110 1101 0010
1747,surge,0110 1101 0011
1748,surprise,0110 1101 0100
1749,surround,0110 1101 0101
1750,survey,0110 1101 0110
1751,suspect,0110 1101 0111
1752,sustain,0110 1101 1000
1753,swallow,0110 1101 1001
1754,swamp,0110 1101 1010
1755,swap,0110 1101 1011
1756,swarm,0110 1101 1100
1757,swear,0110 1101 1101
1758,sweet,0110 1101 1110
1759,swift,0110 1101 1111
1760,swim,0110 1110 0000
1761,swing,0110 1110 0001
1762,switch,0110 1110 0010
1763,sword,0110 1110 0011
1764,symbol,0110 1110 0100
1765,symptom,0110 1110 0101
1766,syrup,0110 1110 0110
1767,system,0110 1110 0111
1768,table,0110 1110 1000
1769,tackle,0110 1110 1001
1770,tag,0110 1110 1010
1771,tail,0110 1110 1011
1772,talent,0110 1110 1100
1773,talk,0110 1110 1101
1774,tank,0110 1110 1110
1775,tape,0110 1110 1111
1776,target,0110 1111 0000
1777,task,0110 1111 0001
1778,taste,0110 1111 0010
1779,tattoo,0110 1111 0011
1780,taxi,0110 1111 0100
1781,teach,0110 1111 0101
1782,team,0110 1111 0110
1783,tell,0110 1111 0111
1784,ten,0110 1111 1000
1785,tenant,0110 1111 1001
1786,tennis,0110 1111 1010
1787,tent,0110 1111 1011
1788,term,0110 1111 1100
1789,test,0110 1111 1101
1790,text,0110 1111 1110
1791,thank,0110 1111 1111
1792,that,0111 0000 0000
1793,theme,0111 0000 0001
1794,then,0111 0000 0010
1795,theory,0111 0000 0011
1796,there,0111 0000 0100
1797,they,0111 0000 0101
1798,thing,0111 0000 0110
1799,this,0111 0000 0111
1800,thought,0111 0000 1000
1801,three,0111 0000 1001
1802,thrive,0111 0000 1010
1803,throw,0111 0000 1011
1804,thumb,0111 0000 1100
1805,thunder,0111 0000 1101
1806,ticket,0111 0000 1110
1807,tide,0111 0000 1111
1808,tiger,0111 0001 0000
1809,tilt,0111 0001 0001
1810,timber,0111 0001 0010
1811,time,0111 0001 0011
1812,tiny,0111 0001 0100
1813,tip,0111 0001 0101
1814,tired,0111 0001 0110
1815,tissue,0111 0001 0111
1816,title,0111 0001 1000
1817,toast,0111 0001 1001
1818,tobacco,0111 0001 1010
1819,today,0111 0001 1011
1820,toddler,0111 0001 1100
1821,toe,0111 0001 1101
1822,together,0111 0001 1110
1823,toilet,0111 0001 1111
1824,token,0111 0010 0000
1825,tomato,0111 0010 0001
1826,tomorrow,0111 0010 0010
1827,tone,0111 0010 0011
1828,tongue,0111 0010 0100
1829,tonight,0111 0010 0101
1830,tool,0111 0010 0110
1831,tooth,0111 0010 0111
1832,top,0111 0010 1000
1833,topic,0111 0010 1001
1834,topple,0111 0010 1010
1835,torch,0111 0010 1011
1836,tornado,0111 0010 1100
1837,tortoise,0111 0010 1101
1838,toss,0111 0010 1110
1839,total,0111 0010 1111
1840,tourist,0111 0011 0000
1841,toward,0111 0011 0001
1842,tower,0111 0011 0010
1843,town,0111 0011 0011
1844,toy,0111 0011 0100
1845,track,0111 0011 0101
1846,trade,0111 0011 0110
1847,traffic,0111 0011 0111
1848,tragic,0111 0011 1000
1849,train,0111 0011 1001
1850,transfer,0111 0011 1010
1851,trap,0111 0011 1011
1852,trash,0111 0011 1100
1853,travel,0111 0011 1101
1854,tray,0111 0011 1110
1855,treat,0111 0011 1111
1856,tree,0111 0100 0000
1857,trend,0111 0100 0001
1858,trial,0111 0100 0010
1859,tribe,0111 0100 0011
1860,trick,0111 0100 0100
1861,trigger,0111 0100 0101
1862,trim,0111 0100 0110
1863,trip,0111 0100 0111
1864,trophy,0111 0100 1000
1865,trouble,0111 0100 1001
1866,truck,0111 0100 1010
1867,true,0111 0100 1011
1868,truly,0111 0100 1100
1869,trumpet,0111 0100 1101
1870,trust,0111 0100 1110
1871,truth,0111 0100 1111
1872,try,0111 0101 0000
1873,tube,0111 0101 0001
1874,tuition,0111 0101 0010
1875,tumble,0111 0101 0011
1876,tuna,0111 0101 0100
1877,tunnel,0111 0101 0101
1878,turkey,0111 0101 0110
1879,turn,0111 0101 0111
1880,turtle,0111 0101 1000
1881,twelve,0111 0101 1001
1882,twenty,0111 0101 1010
1883,twice,0111 0101 1011
1884,twin,0111 0101 1100
1885,twist,0111 0101 1101
1886,two,0111 0101 1110
1887,type,0111 0101 1111
1888,typical,0111 0110 0000
1889,ugly,0111 0110 0001
1890,umbrella,0111 0110 0010
1891,unable,0111 0110 0011
1892,unaware,0111 0110 0100
1893,uncle,0111 0110 0101
1894,uncover,0111 0110 0110
1895,under,0111 0110 0111
1896,undo,0111 0110 1000
1897,unfair,0111 0110 1001
1898,unfold,0111 0110 1010
1899,unhappy,0111 0110 1011
1900,uniform,0111 0110 1100
1901,unique,0111 0110 1101
1902,unit,0111 0110 1110
1903,universe,0111 0110 1111
1904,unknown,0111 0111 0000
1905,unlock,0111 0111 0001
1906,until,0111 0111 0010
1907,unusual,0111 0111 0011
1908,unveil,0111 0111 0100
1909,update,0111 0111 0101
1910,upgrade,0111 0111 0110
1911,uphold,0111 0111 0111
1912,upon,0111 0111 1000
1913,upper,0111 0111 1001
1914,upset,0111 0111 1010
1915,urban,0111 0111 1011
1916,urge,0111 0111 1100
1917,usage,0111 0111 1101
1918,use,0111 0111 1110
1919,used,0111 0111 1111
1920,useful,0111 1000 0000
1921,useless,0111 1000 0001
1922,usual,0111 1000 0010
1923,utility,0111 1000 0011
1924,vacant,0111 1000 0100
1925,vacuum,0111 1000 0101
1926,vague,0111 1000 0110
1927,valid,0111 1000 0111
1928,valley,0111 1000 1000
1929,valve,0111 1000 1001
1930,van,0111 1000 1010
1931,vanish,0111 1000 1011
1932,vapor,0111 1000 1100
1933,various,0111 1000 1101
1934,vast,0111 1000 1110
1935,vault,0111 1000 1111
1936,vehicle,0111 1001 0000
1937,velvet,0111 1001 0001
1938,vendor,0111 1001 0010
1939,venture,0111 1001 0011
1940,venue,0111 1001 0100
1941,verb,0111 1001 0101
1942,verify,0111 1001 0110
1943,version,0111 1001 0111
1944,very,0111 1001 1000
1945,vessel,0111 1001 1001
1946,veteran,0111 1001 1010
1947,viable,0111 1001 1011
1948,vibrant,0111 1001 1100
1949,vicious,0111 1001 1101
1950,victory,0111 1001 1110
1951,video,0111 1001 1111
1952,view,0111 1010 0000
1953,village,0111 1010 0001
1954,vintage,0111 1010 0010
1955,violin,0111 1010 0011
1956,virtual,0111 1010 0100
1957,virus,0111 1010 0101
1958,visa,0111 1010 0110
1959,visit,0111 1010 0111
1960,visual,0111 1010 1000
1961,vital,0111 1010 1001
1962,vivid,0111 1010 1010
1963,vocal,0111 1010 1011
1964,voice,0111 1010 1100
1965,void,0111 1010 1101
1966,volcano,0111 1010 1110
1967,volume,0111 1010 1111
1968,vote,0111 1011 0000
1969,voyage,0111 1011 0001
1970,wage,0111 1011 0010
1971,wagon,0111 1011 0011
1972,wait,0111 1011 0100
1973,walk,0111 1011 0101
1974,wall,0111 1011 0110
1975,walnut,0111 1011 0111
1976,want,0111 1011 1000
1977,warfare,0111 1011 1001
1978,warm,0111 1011 1010
1979,warrior,0111 1011 1011
1980,wash,0111 1011 1100
1981,wasp,0111 1011 1101
1982,waste,0111 1011 1110
1983,water,0111 1011 1111
1984,wave,0111 1100 0000
1985,way,0111 1100 0001
1986,wealth,0111 1100 0010
1987,weapon,0111 1100 0011
1988,wear,0111 1100 0100
1989,weasel,0111 1100 0101
1990,weather,0111 1100 0110
1991,web,0111 1100 0111
1992,wedding,0111 1100 1000
1993,weekend,0111 1100 1001
1994,weird,0111 1100 1010
1995,welcome,0111 1100 1011
1996,west,0111 1100 1100
1997,wet,0111 1100 1101
1998,whale,0111 1100 1110
1999,what,0111 1100 1111
2000,wheat,0111 1101 0000
2001,wheel,0111 1101 0001
2002,when,0111 1101 0010
2003,where,0111 1101 0011
2004,whip,0111 1101 0100
2005,whisper,0111 1101 0101
2006,wide,0111 1101 0110
2007,width,0111 1101 0111
2008,wife,0111 1101 1000
2009,wild,0111 1101 1001
2010,will,0111 1101 1010
2011,win,0111 1101 1011
2012,window,0111 1101 1100
2013,wine,0111 1101 1101
2014,wing,0111 1101 1110
2015,wink,0111 1101 1111
2016,winner,0111 1110 0000
2017,winter,0111 1110 0001
2018,wire,0111 1110 0010
2019,wisdom,0111 1110 0011
2020,wise,0111 1110 0100
2021,wish,0111 1110 0101
2022,witness,0111 1110 0110
2023,wolf,0111 1110 0111
2024,woman,0111 1110 1000
2025,wonder,0111 1110 1001
2026,wood,0111 1110 1010
2027,wool,0111 1110 1011
2028,word,0111 1110 1100
2029,work,0111 1110 1101
2030,world,0111 1110 1110
2031,worry,0111 1110 1111
2032,worth,0111 1111 0000
2033,wrap,0111 1111 0001
2034,wreck,0111 1111 0010
2035,wrestle,0111 1111 0011
2036,wrist,0111 1111 0100
2037,write,0111 1111 0101
2038,wrong,0111 1111 0110
2039,yard,0111 1111 0111
2040,year,0111 1111 1000
2041,yellow,0111 1111 1001
2042,you,0111 1111 1010
2043,young,0111 1111 1011
2044,youth,0111 1111 1100
2045,zebra,0111 1111 1101
2046,zero,0111 1111 1110
2047,zone,0111 1111 1111
2048,zoo,1000 0000 0000